{
  "roc_auc": 0.9995833333333334,
  "avg_precision": 0.9897096908939016,
  "best_threshold": 0.65,
  "best_f1": 0.95
}